Peptide,Area trp1,Area trp2,Area trp3,Area trp4,Area trp5,Area trp6,Area trp7,Area trp8,Area trp9,Area trp10
KDLYANTVLSGGTTMYPGIADR,16.010098328645988,16.303246534762433,16.3928444479982,15.82499894580504,16.17579836108661,15.746321572367602,15.611062825431025,16.16698104868813,16.743980604459097,16.743980604459097
PEEHPVLLTEAPLNPK,15.022857662929159,15.277051528458703,15.199326851208625,15.090035018241155,14.940505087906502,14.532667190984572,14.682358913024563,15.356391218301232,15.325879234186091,15.402027787013806
QEYDESGPSIVHRK,16.20702186015272,16.4272700987482,16.273046010956143,16.249123913364723,16.074488531575977,15.531000746734602,15.60998301038977,15.919864200340326,16.53086733424892,16.78530944949176
DLYANTVLSGGTTMYPGIADR,16.126758024036974,16.842256885047433,16.833297822299098,15.754309769841644,16.868851144138578,16.132491531242053,15.792808625975406,16.262801871957578,17.2622547545824,17.3235273905205
VPIYEGYALPHAILR,12.81871451143047,13.021481705623074,13.328352631498468,13.16027554247419,12.876718560743605,,12.791996465302095,13.253040701045945,13.433927978319357,13.465413929385665
ISKQEYDESGPSIVHR,14.938034666678696,15.296842334418917,15.230392375936077,15.146741368309112,15.295113096217817,14.46715843134619,14.417254915050876,15.5116948122693,15.560527764640197,15.267218057632396
VAPEEHPVLLTEAPLNPK,19.042063358283,19.006242713832375,18.959977199694052,18.867479715553507,18.716182165456278,18.57794087015095,18.458650675203994,19.12718827621415,19.394598668661313,19.196743424839617
SYELPDGQVITIGNER,18.235723717356727,18.500692681921752,18.570134697120704,18.521521058878438,18.59547403432553,17.817593621760068,17.92461236116128,18.64550288564513,18.83939107881055,18.845621628561187
QEYDESGPSIVHR,17.357860219382314,17.4526492491705,17.49809524151546,17.332592878740467,17.513770873883963,16.686925997010885,16.798512139039445,17.64465182949502,17.61162876274781,17.471660187455292
TTGIVMDSGDGVTHTVPIYEGYALPHAILR,18.207821626088677,18.26254044951934,18.522515049833633,18.011117248918037,18.382220541537468,17.716331048884427,18.137083649936855,18.22549276865149,18.948599445144534,19.457346704401488
HQGVMVGMGQK,15.193268588061878,16.033027838568255,16.13189993193472,15.420498584324744,15.798234680142304,15.360345947212716,14.574913534301285,15.978316208430034,15.951226094723282,16.023708045451425
ISKQEYDESGPSIVHRK,14.197434057489405,14.384454135064914,14.157538760156168,14.0104192302637,13.828624197109658,13.62598310091999,13.419381730833097,,12.488050982565277,15.044361323556114
DSYVGDEAQSKR,17.95040507770792,18.134703883466585,18.02581427135397,17.966156685555017,17.83798310794858,17.218473047573095,17.318783064292727,18.145164368399456,18.189303387711053,18.496344647873354
TVLSGGTTMYPGIADR,,,,,13.06093468240768,,,,13.273589785714341,
TTGIVMDSGDGVTHTVPIYEGYALPH,14.35311442276287,14.80609210241868,14.948814086422313,14.593917582475044,14.987868848520868,13.947853744951987,14.147544387986555,14.71831069965593,15.221117230116537,14.869752898896444
HQGVMVGMGQKDSYVGDEAQSKR,14.382811028658244,,,,,,,,,
DSGDGVTHTVPIYEGYALPHAILR,13.588722874859965,14.079872825094439,14.030218630457382,12.533468098216415,13.969432640236532,,13.487200916534812,14.203422506824849,14.52649765665255,14.466480659625033
DSYVGDEAQSK,17.682870869486226,17.81314229046176,17.828084531697307,17.706228207565083,17.74655156922818,17.0267976611838,17.112087890496326,17.999040521161273,17.85968400294001,18.063791491336882
AVFPSIVGRPR,18.790242297714176,18.91391249931731,18.85499242661811,18.85233328181418,18.710735000549203,18.281062291282066,18.44498303647533,19.05003579142453,19.071442208015874,19.124223700694433
MQKEITALAPSTMK,15.516451411859745,14.61198118075612,14.089423266330057,13.72825187767043,13.839715246661092,13.44588063086506,13.199824293582108,13.822684761712274,14.426959494539714,15.58342122516034
GYSFTTTAEREIVR,15.507670661969575,,,,,,,,,14.440485958420885
AGFAGDDAPR,18.795549178083064,18.8643403978585,18.78247257427056,18.765262863536957,18.723891618021774,18.04458995505038,18.15564691937797,18.986164993022154,19.020999662201117,19.163474864401724
RVAPEEHPVLLTEAPLNPK,,,,12.435953450497049,,,,12.903485714237169,,12.995643022625092
SGPSIVHRK,12.2281765444371,12.489746696584415,12.166707922007896,12.18826502688021,11.997756128459134,11.572420036755869,11.463850760322995,12.366233797654115,12.445719268943398,12.725044994431933
HHTFYNELR,15.199928159071305,15.203403640447862,15.210194626857788,15.016829844824647,15.012368108804608,14.400515579904516,14.511902468689108,15.347829816842061,15.374938562644095,15.431328077362414
ELPDGQVITIGNER,13.384758410629226,13.576529756842184,13.492256574045076,13.491413432810445,13.269662064425209,12.82376864454212,12.917820751239256,13.688983151492515,13.753156316217298,13.84458380544998
AVFPSIVGR,16.18369610804227,16.295907052274387,16.927691644161513,16.273645351699287,16.302664680292754,15.650441260089961,16.529741618141564,16.52329405683794,16.494612437110593,16.203263663328197
FPSIVGRPR,16.900534938997026,17.057868506979677,16.967092067981106,16.923722942602268,16.791856117718076,16.320138132364477,16.462961136937555,17.15035443907641,17.15220497341233,17.224940624552907
SYVGDEAQSKR,11.3785136849184,12.00395646140804,10.870927568428838,,11.563713631802333,,,11.503006433627226,12.166551887367891,12.391638932489018
EITALAPSTMK,17.583409119128255,17.921800159954245,17.88897190926995,17.70514479491401,17.728433158635255,17.007631645523656,16.980479148763564,17.987988313589717,18.060499660684346,18.152382910631047
VFPSIVGRPR,14.154978303565285,14.508757733524552,14.251052133654907,14.356147379301895,14.041290630599613,13.595424826749301,13.851456684737743,14.44486560543644,14.396664161563294,14.45124046765427
GYSFTTTAER,18.395814116222237,18.51998294502623,18.445470912759586,18.383404539016983,18.353471994258914,17.780979539098045,17.899350135541226,18.63053640093964,18.63490463309192,18.730148769726004
YVGDEAQSKR,13.916802809446146,14.074098470211679,13.979243749946876,13.647364058651624,13.631287193880723,13.303317332790979,13.116365425600693,13.989799943060964,13.903979205951883,14.327974838398774
GFAGDDAPR,12.895111398045575,12.888740105134735,12.837663520391013,,12.723734846555153,,12.409013489526863,,12.964070798409736,13.263307229744305
SGGTTMYPGIADR,,,,,12.490348924847122,,,,,
KIIAPPERK,12.76511684156664,12.50376692810868,12.357247473327291,12.042376552859384,,11.8959404442408,,12.115819656552612,12.334421883957837,13.124620827445543
VGDEAQSKR,13.98195676559994,14.173744286367,13.997832114758229,13.74450852660955,13.797122529650997,13.332883588556962,13.181688331489012,14.034646087880946,14.036411596725705,14.413742480727931
FAGDDAPR,13.439055557903202,13.502633746877937,13.427993417156742,13.320525474417416,13.324683620704972,12.636880561310134,12.700158945291866,13.625850137466612,13.618582848780957,13.787964628534322
LDLAGRDLTDYLMK,14.85327528329967,,13.594863886848652,,,12.638471754878418,,,14.297133915922052,15.0190532698137
KQEYDESGPSIVHR,,,,,,,,15.489180694631838,,
YVGDEAQSK,10.978012045675149,11.663412298244165,11.442223991797244,11.090660018183717,10.907367827562974,,,,,11.33665357200282
LTEAPLNPK,13.235388445195627,13.455444155239393,13.504355129326852,13.433254034992991,13.212167517664374,12.567899296608509,12.870202877019626,13.82039859203705,,
DSYVGDEAQSKRG,,12.719165696738566,,,12.297192238897658,,,12.624421072802445,12.618678861789705,13.191964064134165
GVTHTVPIYEGYALPHAILR,12.296872669856613,12.778717471434973,12.649026198049329,,12.262783737114216,12.169771665803841,12.224698109653339,12.863877581942829,13.184116773679811,12.940769555746913
DLTDYLMK,16.91915508871266,17.182047479362804,17.23458060116106,17.13209368723652,17.115302555078586,16.374519227507328,16.563422292491616,17.383746639555866,17.405066790783426,17.37539118896609
QEYDESGPSIVH,,,-inf,,,,,-inf,,
ANTVLSGGTTMYPGIADR,,,,,,,,,,12.628886391972951
DESGPSIVHR,,12.886007932117888,12.94927109948883,,12.776939191381286,12.212551611627882,12.11445065598286,,13.128882084391444,
FPSIVGR,12.461915693007398,12.646679646883394,12.668957244505824,12.588678459492256,12.668327581040131,11.978670037295581,12.238152538993585,12.836200150921817,12.820528288508338,
GDEAQSKR,13.874345343685167,14.059867505677682,13.946100127667876,13.643535293224463,13.618144396510424,13.290146427077161,13.123482750672245,13.942847806425469,14.039213952536999,14.289941870537161
GPSIVHRK,12.19743545213451,12.525870926881247,12.312637435758203,12.113518663919566,11.964765123588293,11.667276124800154,11.782799918772044,12.491702613855823,12.438651543630868,12.723168569809523
VAPEEHPVLLTEAPLNPKANR,13.805965145120743,13.212350322995487,13.17421551560958,13.134173364163686,12.931372349106528,,12.630980839182945,,13.409240125669617,
GQVITIGNER,,,13.653626720870266,,-inf,,,,14.017226161864864,
IKIIAPPERK,16.043350552806004,15.966109293960438,15.672854875738407,15.792988585415802,15.330923464404293,,15.116219797236221,15.721476303494159,15.994390111850167,16.651250120207372
SKQEYDESGPSIVHR,,,,,,,,,12.410807797161029,
ALPHAILR,13.255179514294444,13.106315292982721,13.205692984991334,13.53139544965858,13.365184057944086,12.386183427026964,,,13.67891160805025,13.667532455192775
TVPIYEGYALPHAILR,,,,,13.22762388806182,,,13.0726267654945,13.205784985543401,13.04878142072636
PSIVGRPR,16.288007187675593,16.409869341313353,16.336347256192102,16.296827438901715,16.160484417450107,15.708848399554695,15.85696462573861,16.524959779980193,16.51881618803573,16.576279703398715
IIAPPER,17.610347849303984,17.675777003819384,17.68243158948,17.627757426028495,17.619792438554047,16.992855803992303,,,17.856313686591456,17.834430897539534
VAPEEHPVLLTEAPLN,13.297257418369487,13.520951560239535,13.636312119156297,13.512281589731169,,,,,13.767559042031081,
TTGIVMDSGDGVTHTVPIYEGY,,,,,,,,,13.722320129897929,
SKQEYDESGPSIVHRK,,,11.750997036868675,,,,,,,
SIVGRPR,,13.81279687926659,13.737192196084974,,13.614421997430895,13.1774574397139,,,13.87472241759612,13.981702732828346
YPGIADR,,,,,,,,,12.876667421619608,
LPHAILR,,,,,,,,12.33058852022774,,
IKIIAPPER,,,,,,,,,,14.983680003324933
ILRLDLAGRDLTDYLMK,11.590904506286817,,,,,,,,,
PSIVHRK,,12.16800726472338,,,,,,,12.321497346945591,
VAPEEHPVL,,,,,,,,,,13.996330988631962
QEMATAASSSSLEK,,,10.686201176455116,,,,,,,
QEYDESGPSIVHRK,16.20702186015272,16.4272700987482,16.273046010956143,16.249123913364723,16.074488531575977,15.531000746734602,15.60998301038977,15.919864200340326,16.53086733424892,16.78530944949176
ISKQEYDESGPSIVHR,14.938034666678696,15.296842334418917,15.230392375936077,15.146741368309112,15.295113096217817,14.46715843134619,14.417254915050876,15.5116948122693,15.560527764640197,15.267218057632396
SYELPDGQVITIGNER,18.235723717356727,18.500692681921752,18.570134697120704,18.521521058878438,18.59547403432553,17.817593621760068,17.92461236116128,18.64550288564513,18.83939107881055,18.845621628561187
QEYDESGPSIVHR,17.357860219382314,17.4526492491705,17.49809524151546,17.332592878740467,17.513770873883963,16.686925997010885,16.798512139039445,17.64465182949502,17.61162876274781,17.471660187455292
ISKQEYDESGPSIVHRK,14.197434057489405,14.384454135064914,14.157538760156168,14.0104192302637,13.828624197109658,13.62598310091999,13.419381730833097,,12.488050982565277,15.044361323556114
AVFPSIVGRPR,18.790242297714176,18.91391249931731,18.85499242661811,18.85233328181418,18.710735000549203,18.281062291282066,18.44498303647533,19.05003579142453,19.071442208015874,19.124223700694433
SGPSIVHRK,12.2281765444371,12.489746696584415,12.166707922007896,12.18826502688021,11.997756128459134,11.572420036755869,11.463850760322995,12.366233797654115,12.445719268943398,12.725044994431933
HHTFYNELR,15.199928159071305,15.203403640447862,15.210194626857788,15.016829844824647,15.012368108804608,14.400515579904516,14.511902468689108,15.347829816842061,15.374938562644095,15.431328077362414
ELPDGQVITIGNER,13.384758410629226,13.576529756842184,13.492256574045076,13.491413432810445,13.269662064425209,12.82376864454212,12.917820751239256,13.688983151492515,13.753156316217298,13.84458380544998
AVFPSIVGR,16.18369610804227,16.295907052274387,16.927691644161513,16.273645351699287,16.302664680292754,15.650441260089961,16.529741618141564,16.52329405683794,16.494612437110593,16.203263663328197
FPSIVGRPR,16.900534938997026,17.057868506979677,16.967092067981106,16.923722942602268,16.791856117718076,16.320138132364477,16.462961136937555,17.15035443907641,17.15220497341233,17.224940624552907
VFPSIVGRPR,14.154978303565285,14.508757733524552,14.251052133654907,14.356147379301895,14.041290630599613,13.595424826749301,13.851456684737743,14.44486560543644,14.396664161563294,14.45124046765427
KQEYDESGPSIVHR,,,,,,,,15.489180694631838,,
LTEAPLNPK,13.235388445195627,13.455444155239393,13.504355129326852,13.433254034992991,13.212167517664374,12.567899296608509,12.870202877019626,13.82039859203705,,
QEYDESGPSIVH,,,-inf,,,,,-inf,,
DESGPSIVHR,,12.886007932117888,12.94927109948883,,12.776939191381286,12.212551611627882,12.11445065598286,,13.128882084391444,
FPSIVGR,12.461915693007398,12.646679646883394,12.668957244505824,12.588678459492256,12.668327581040131,11.978670037295581,12.238152538993585,12.836200150921817,12.820528288508338,
GPSIVHRK,12.19743545213451,12.525870926881247,12.312637435758203,12.113518663919566,11.964765123588293,11.667276124800154,11.782799918772044,12.491702613855823,12.438651543630868,12.723168569809523
GQVITIGNER,,,13.653626720870266,,-inf,,,,14.017226161864864,
SKQEYDESGPSIVHR,,,,,,,,,12.410807797161029,
PSIVGRPR,16.288007187675593,16.409869341313353,16.336347256192102,16.296827438901715,16.160484417450107,15.708848399554695,15.85696462573861,16.524959779980193,16.51881618803573,16.576279703398715
QGMMEGMHQKESYVGKEAQSKR,13.994911186330565,,,,,,,,,
SKQEYDESGPSIVHRK,,,11.750997036868675,,,,,,,
SIVGRPR,,13.81279687926659,13.737192196084974,,13.614421997430895,13.1774574397139,,,13.87472241759612,13.981702732828346
PSIVHRK,,12.16800726472338,,,,,,,12.321497346945591,
